<?xml version="1.0"?>
<pagescount>
	<html_total>4</html_total>
	<html_done>4</html_done>
	<img>33</img>
	<js>11</js>
	<css>7</css>
	<pdf/>
	<doc/>
	<xls/>
	<ppt/>
	<swf/>
	<mp3/>
	<mp4/>
	<xml/>
	<json/>
	<txt/>
	<fonts>127</fonts>
	<scraping_reload>1</scraping_reload>
	<is_pretty_url>false</is_pretty_url>
	<is_ebn>false</is_ebn>
	<theme_name>274477</theme_name>
	<server_url_front_page>https://www6.waybackmachinedownloader.com/wdo/files/demo/pricehistory.in_xiaomitotom_gmail.com_677zt834rfu/</server_url_front_page>
	<no_www_url>pricehistory.in</no_www_url>
	<hosted_domain/>
	<original_archive_url>https://pricehistory.in/#</original_archive_url>
	<final_archive_url>https://pricehistory.in/#</final_archive_url>
	<front_page_code_date/>
	<total_urls_from_api/>
	<search_url_added>false</search_url_added>
	<total_size>7508</total_size>
</pagescount>
